epoch,train_loss,val_loss
1,0.4296621305251382,0.3936177532340205
2,0.38026317034796225,0.3760518187273807
3,0.3680643563511592,0.3668214837852232
